{"testData": "ExperimentRun/AutoML_bb9048ab-1f43-4546-9b6c-a0cbe37934c0_29/explanation/b5975f1c/eval_data_viz", "precomputedExplanations.localFeatureImportance.scores": "ExperimentRun/AutoML_bb9048ab-1f43-4546-9b6c-a0cbe37934c0_29/explanation/b5975f1c/local_importance_values", "dataSummary.featureNames": "ExperimentRun/AutoML_bb9048ab-1f43-4546-9b6c-a0cbe37934c0_29/explanation/b5975f1c/features", "dataSummary.classNames": "ExperimentRun/AutoML_bb9048ab-1f43-4546-9b6c-a0cbe37934c0_29/explanation/b5975f1c/classes", "precomputedExplanations.localFeatureImportance.intercept": "ExperimentRun/AutoML_bb9048ab-1f43-4546-9b6c-a0cbe37934c0_29/explanation/b5975f1c/expected_values"}