{"features": {"name": "features"}, "local_importance_values": {"name": "local_importance_values"}, "expected_values": {"name": "expected_values"}, "classes": {"name": "classes", "num_classes": 2}, "global_names": {"name": "global_names", "max_num_blocks": 3, "block_size": 100, "num_features": 100, "num_blocks": 1}, "per_class_names": {"name": "per_class_names", "max_num_blocks": 3, "block_size": 100, "num_features": 100, "num_blocks": 1}, "global_rank": {"name": "global_rank", "max_num_blocks": 3, "block_size": 100, "num_features": 100, "num_blocks": 1}, "global_values": {"name": "global_values", "max_num_blocks": 3, "block_size": 100, "num_features": 100, "num_blocks": 1}, "per_class_rank": {"name": "per_class_rank", "max_num_blocks": 3, "block_size": 100, "num_features": 100, "num_blocks": 1}, "per_class_values": {"name": "per_class_values", "max_num_blocks": 3, "block_size": 100, "num_features": 100, "num_blocks": 1}, "visualization_dict": "ExperimentRun/AutoML_bb9048ab-1f43-4546-9b6c-a0cbe37934c0_29/explanation/319b4777/visualization_dict"}