{"predictedY": "ExperimentRun/AutoML_bb9048ab-1f43-4546-9b6c-a0cbe37934c0_29/explanation/319b4777/ys_pred_viz", "probabilityY": "ExperimentRun/AutoML_bb9048ab-1f43-4546-9b6c-a0cbe37934c0_29/explanation/319b4777/ys_pred_proba_viz", "precomputedExplanations.localFeatureImportance.scores": "ExperimentRun/AutoML_bb9048ab-1f43-4546-9b6c-a0cbe37934c0_29/explanation/319b4777/local_importance_values", "dataSummary.featureNames": "ExperimentRun/AutoML_bb9048ab-1f43-4546-9b6c-a0cbe37934c0_29/explanation/319b4777/features", "dataSummary.classNames": "ExperimentRun/AutoML_bb9048ab-1f43-4546-9b6c-a0cbe37934c0_29/explanation/319b4777/classes", "precomputedExplanations.localFeatureImportance.intercept": "ExperimentRun/AutoML_bb9048ab-1f43-4546-9b6c-a0cbe37934c0_29/explanation/319b4777/expected_values"}